Brand,Description,Extra Features,Price
Microsoft Surface,"Laptop 7th Edition Snapdragon X Elite Copilot+ & AI Optimized 15"" Laptop Platinum","Copilot+ PC, Wi-Fi 7, Type-C, Backlit Keyboard","184,000"
Chuwi HeroBook,Pro Intel Celeron N4020 14.1 inch Full HD Laptop with Windows 11,N/A,"29,900"
Chuwi GemiBook,XPro Intel Celeron N100 14.1 inch Full HD Laptop,N/A,"34,000"
Walton Prelude,"N41 Pro Celeron N4120 14"" FHD Laptop","Bangla Keyboard, Type-C","33,000"
Walton Prelude,"N50 Pro Pentium Silver N5030 14"" FHD Laptop","Bangla Keyboard, Type-C","35,400"
Lenovo IdeaPad,"1 14IGL7 Intel Celeron N4020 14"" HD Laptop","Type-C, Privacy Shutter, Stereo speakers, Wi-Fi 6","38,850"
Lenovo IdeaPad,"1 14IGL7 Intel Celeron N4500 14"" HD Laptop","Privacy Shutter, Stereo speakers, Type-C, Wi-Fi 6","38,800"
Acer Aspire,"3 A325-45 Celeron N4500 12GB RAM 15.6"" HD Laptop","Two built-in stereo speakers, Type-C port","40,800"
HP 15-fc0355au,AMD Athlon Silver 7120U 15.6'' FHD Laptop,"Dual speakers, Type-C, Camera Privacy Shutter","50,000"
Acer Aspire,"3 A324-31 Intel N100 14"" FHD Laptop","Two built-in stereo speakers, Type-C port","45,900"
HP 15-fd0841TU,"Core i3 13th Gen 15.6"" FHD Laptop","Privacy Shutter, Type-C, Wi-Fi 6","64,990"
Asus Vivobook,"Go 15 E1504TA Intel N150 15.6"" FHD Laptop","Privacy Shutter, Backlit Keyboard, Military Grade","60,800"
ASUS Vivobook,"Go 15 E1504GA Core i3 N305 512GB SSD 15.6"" FHD Laptop","Type-C, Privacy Shutter, Wi-Fi 6E","56,000"
Asus Vivobook,"Go 15 E1504TA Intel N150 15.6"" FHD Laptop Cool Silver","Privacy Shutter, Backlit Keyboard, Military Grade","60,800"
ASUS Vivobook,"Go 14 E1404GA Core i3-N305 14"" FHD Laptop","Type-C, Wi-Fi 6E, US MIL-STD","56,000"
Smart Flairedge,"Core i5 12th Gen 15.6"" FHD Laptop","Backlit Keyboard, Wi-Fi 6","53,000"
ASUS Vivobook,"Go 14 E1404GA Core i3-N305 14"" FHD Laptop with Windows 11","Type-C, Wi-Fi 6E, US MIL-STD, Windows 11 Home","57,000"
ASUS Vivobook,"Go 15 E1504GA Core i3-N305 15.6"" FHD Laptop with Windows 11","Type-C, Wi-Fi 6E, US MIL-STD, Windows 11 Home","57,000"
MSI Modern,"15 F13MG Core i3 13th Gen 15.6"" FHD Laptop Platinum Gray","Backlit Keyboard, Type-C","58,000"
MSI Modern,"15 F13MG Core i3 13th Gen 15.6"" FHD Laptop Urban Silver","Backlit Keyboard, Type-C","58,000"
MSI Modern,"14 F13MG Core i3 13th Gen 14"" FHD Laptop Urban Silver","Backlit Keyboard With Copilot Key, Type-C","58,000"
Acer Aspire,"15 AS15-42 Ryzen 3 7330U 15.6"" FHD Laptop","Stereo Speaker, Wi-Fi 6, HD WebCam, Bluetooth 5.1","54,500"
Acer Aspire,"15 AS15-42 Ryzen 3 7330U 15.6"" FHD Laptop","Stereo Speaker, Wi-Fi 6, HD WebCam",Out Of Stock
Lenovo IdeaPad,"Slim 3 15IRU8 Core i3 13th Gen 1315U 15.6"" FHD Laptop","Type-C, Privacy Shutter, Dolby Audio, Wi-Fi 6","58,500"
Smart Flairedge,"Core i5 13th Gen 15.6"" FHD Laptop","Backlit Keyboard, Wi-Fi 6, Type-C","57,500"
Dell 15,"DC15250 Core 3 100U 15.6"" FHD Laptop","Full-Size Keyboard, Type-C, Wi-Fi 6","59,000"
Tecno MEGABOOK,K15SDA Ryzen 5 7430U 15.6″ IPS FHD Laptop,"Finger Print, RJ45 Gigabit LAN, Built-in Dual Speaker","57,500"
Acer Aspire,"15 AS15-42 Ryzen 5 7430U 15.6"" FHD Laptop","Backlit Keyboard, Stereo Speaker, Wi-Fi 6, HD WebCam","66,500"
ASUS Vivobook,"Go 15 L1504FA Ryzen 5 7520U 15.6"" FHD Laptop","Privacy Shutter, Type-C, Wi-Fi 6E","64,000"
ASUS Vivobook,"Go 15 L1504FA Ryzen 5 7520U 15.6"" FHD Laptop Cool Silver","Privacy Shutter, Type-C, Wi-Fi 6E","64,000"
Asus ExpertBook,"B1 B1503CTA Core 3 N355 15.6"" FHD Laptop","Wi-Fi 6, US MIL-STD 810H military-grade standard","59,500"
MSI Modern,"15 F13MG Core i5 13th Gen 15.6"" FHD Laptop Urban Silver","Backlit Keyboard, Type-C","71,000"
MSI Modern,"14 F13MG Core i5 13th Gen 14"" FHD Laptop Urban Silver","Backlit Keyboard With Copilot Key, Type-C","71,000"
Acer Aspire,"3 A325-53 Core i5 13th Gen 15.6"" FHD Silver Laptop","Dual Stereo Speaker, Built-In Microphones","68,000"
Acer Aspire,"3 A325-53 Core i5 13th Gen 15.6"" FHD Win11 Laptop","Dual Stereo Speaker, Built-In Microphones","66,500"
Acer Aspire,"Lite AL15-53 Core i5 1334U 15.6"" FHD Laptop","Backlit Keyboard, Stereo Speaker, Type-C","69,000"
HP 15-fc0659au,"Ryzen 5 7520U 15.6"" FHD Laptop","Privacy Shutter, Type-C, Wi-Fi 6, Backlit Keyboard","75,000"
ASUS Vivobook,"Go 14 EB595W Ryzen 5 7520U 14"" FHD Laptop","Privacy Shutter, Type-C, Wi-Fi 6E, Military Grade","79,000"
ASUS Vivobook,"Go 15 L1504FA Ryzen 5 7520U 16GB RAM 15.6"" FHD Laptop With Windows 11 Home","US MIL-STD 810H Standard, Type-C, Wi-Fi 6E","79,000"
ASUS Vivobook,"Go 15 L1504FA Ryzen 5 7520U 15.6"" FHD Mixed Black Laptop","US MIL-STD 810H Standard, Type-C, Wi-Fi 6E","79,000"
ASUS Vivobook,"Go 15 L1504FA Ryzen 5 7520U 16GB RAM 15.6"" FHD Laptop","Privacy Shutter, Type-C, Wi-Fi 6E","79,000"
ASUS Vivobook,"Go 14 L1404FA Ryzen 5 7520U 14"" FHD Laptop","Privacy Shutter, Type-C, Wi-Fi 6E, Military Grade","79,000"
Acer Aspire,"3 A325-53 Core i5 13th Gen 16GB 15.6"" FHD Laptop","Dual Stereo Speaker, Built-In Microphones","70,000"
Acer Aspire,"Lite AL15-53 Core i5 1334U 16GB 15.6"" FHD Laptop","Backlit Keyboard, Stereo Speaker, Type-C","71,000"
Lenovo IdeaPad,"Slim 3 15IRH8 Core i5 13th Gen 8GB RAM 15.6"" FHD Military Grade Laptop With FreeDOS","Type-C, Privacy Shutter, Wi-Fi 6, Dolby Audio","74,100"
Dell 15,"DC15250 Core i5 13th Gen 15.6"" FHD Laptop","Full-Size Keyboard, Type-C, Wi-Fi 6","74,500"
HP 15-fd0333TU,"Core 5 120U 15.6"" FHD Laptop","Privacy Shutter, Mic Mute Key, Type-C, Wi-Fi 6E, Bluetooth 5.3","78,500"
Asus Vivobook,"16 M1607GA Ryzen AI 7 445 16"" WUXGA Laptop","Backlit Keyboard, Privacy Shutter, Type-C","129,000"
Asus Vivobook,"14 A1404VA Core 5 120U 14"" FHD Laptop","Chiclet Keyboard, Privacy Shutter, Military Grade","84,900"
Asus Vivobook,"15 A1504VA Core 7 150U 15.6"" FHD Laptop","Backlit Keyboard, Privacy Shutter, Fingerprint, Military Grade","112,000"
Asus Vivobook,"16 M1607GA Ryzen AI 7 445 16"" WUXGA Laptop Cool Silver","Backlit Keyboard, Privacy Shutter, Type-C","129,000"
Asus Vivobook,"14 A1404VA Core 5 120U 14"" FHD Laptop Cool Silver","Chiclet Keyboard, Privacy Shutter, Military Grade","84,900"
Asus Vivobook,"15 A1504VA Core 7 150U 15.6"" FHD Laptop Cool Silver","Backlit Keyboard, Privacy Shutter, Fingerprint, Military Grade","112,000"
Asus Vivobook,"14 M1407KA Ryzen AI 5 330 14"" WUXGA Laptop","Backlit Keyboard, Privacy Shutter, Type-C, Military Grade","112,000"
Asus Vivobook,"14 X1404VA Core 5 120U 14"" FHD Laptop","Fingerprint, Backlit Keyboard, Military-Grade","78,000"
Asus Vivobook,"15 A1504VA CORE 3 100U 15.6"" FHD Laptop","Chiclet Keyboard, Privacy Shutter, Military Grade","65,800"
Asus Vivobook,"15 A1504VA Core 3 100U 15.6"" FHD Laptop Cool Silver","Chiclet Keyboard, Privacy Shutter, Military Grade","65,800"
Asus Vivobook,"14 X1404VA Core 5 120U 14"" FHD Cool Silver Laptop","Fingerprint, Backlit Keyboard, Military-Grade","78,000"
HP 15-fd0268TU,"Core i5 13th Gen 15.6"" FHD Laptop with Original Windows & Office","Type-C, Wi-Fi 6, Privacy Shutter, Mic Mute Key","78,500"
HP 15-fd0812TU,"Intel Core 5 120U 15.6"" FHD Laptop","Privacy Shutter, Type-C, Wi-Fi 6, Bluetooth 5.4","79,500"
HP 15-fd0811TU,"Intel Core 5 120U 15.6"" FHD Laptop","Win-11 Home, Type-C, Wi-Fi 6, Bluetooth 5.4","79,500"
ASUS Vivobook,"15 A1504VA Core 5 120U 16GB RAM 15.6"" FHD Laptop","Privacy Shutter, Type-C Port, Wi-Fi 6E, Military Grade","83,000"
Asus VivoBook,"15 X1504VA Intel Core 5 120U 15.6"" FHD Laptop","Chiclet Keyboard, Privacy Shutter, SonicMaster","84,900"
Acer TravelLite,"TL14-52M Core i5 13th Gen 8GB RAM 512GB Storage 14"" FHD Laptop","Fingerprint, Backlit Keyboard, Type-C","75,000"
HP 15-fd0811TU,"Intel i5 1334U 13th Gen 15.6"" FHD Laptop","Win-11 Home, Type-C, Wi-Fi 6, Bluetooth 5.4","80,500"
Lenovo IdeaPad,"Slim 3 15ABR8 Ryzen 7 5825U 15.6"" FHD Laptop","Privacy Shutter, Type-C, Wi-Fi 6, Bluetooth 5.2, Military Grade","76,000"
Lenovo IdeaPad,"Slim 3i 15ITL6 Core i7 11th Gen 15.6"" FHD Laptop with Fingerprint","Backlit keyboard, Fingerprint, Type-C","76,500"
Walton Passion,"BX710U Core i7 10th Gen 15.6"" FHD Laptop","Built-in array microphone, Type-C","67,500"
Lenovo IdeaPad,"Slim 3 15ARP10 Ryzen 5 7535HS 16GB RAM 15.3"" WUXGA Laptop","Privacy Shutter, Type-C, Wi-Fi 6, Bluetooth 5.3, Military Grade","80,000"
Lenovo IdeaPad,"Slim 3 15ARP10 Ryzen 5 7535HS 15.3"" WUXGA Laptop","Privacy Shutter, Type-C, Wi-Fi 6, Bluetooth 5.3, Military Grade","71,000"
Lenovo IdeaPad,"Slim 3 15ARP10 Ryzen 5 7535HS 15.3"" WUXGA Laptop With Backlit Keyboard","Privacy Shutter, Type-C, Wi-Fi 6, Bluetooth 5.3, Military Grade","73,000"
Lenovo IdeaPad,"Slim 3 15ARP10 Ryzen 5 7535HS 16GB RAM 15.3"" WUXGA Laptop Cosmic Blue With Backlit Keyboard","Privacy Shutter, Type-C, Wi-Fi 6, Bluetooth 5.3, Military Grade",Out Of Stock
Lenovo IdeaPad,"Slim 3 15ARP10 Ryzen 5 7535HS 15.3"" WUXGA Laptop Cosmic Blue With Backlit Keyboard","Privacy Shutter, Type-C, Wi-Fi 6, Bluetooth 5.3, Military Grade","73,000"
Lenovo IdeaPad,"Slim 3 15ARP10 Ryzen 5 7535HS 15.3"" WUXGA 16GB RAM Laptop Cosmic Blue","Privacy Shutter, Type-C, Wi-Fi 6, Bluetooth 5.3, Military Grade","80,000"
Lenovo IdeaPad,"Slim 3 15ARP10 Ryzen 5 7535HS 15.3"" WUXGA Laptop Cosmic Blue","Privacy Shutter, Type-C, Wi-Fi 6, Bluetooth 5.3, Military Grade","71,000"
Asus VivoBook,"15 X1504VA Core 5 120U 16GB RAM 15.6"" FHD Laptop","Chiclet Keyboard, Privacy Shutter, SonicMaster","81,500"
Asus VivoBook,"15 X1504VA Core 5 120U 15.6"" FHD Laptop","Chiclet Keyboard, Privacy Shutter, SonicMaster","80,000"
MSI Modern,"15 F1MG Core 5 120U AI Optimized 15.6"" FHD Laptop Platinum Gray","Backlit Keyboard, Webcam Shutter, Type-C, Wi-Fi 6E","79,400"
MSI Modern,"15 F1MG Core 5 120U AI Optimized 15.6"" FHD Laptop Urban Silver","Backlit Keyboard, Webcam Shutter, Type-C, Wi-Fi 6E","79,400"
Lenovo IdeaPad,"Slim 3 14IRH10 Core i5 13th Gen 14"" WUXGA Laptop With FreeDOS","Privacy Shutter, Type-C, FreeDOS","83,500"
